username,password,expiry_date,security_question,security_answer,cust_id
deal_athletics6001,Yo#I7W8by#Ni,2024-10-04,What is your oldest sibling's middle name?,Ray,1
transcript_suite7900,D17dCNh&jvYA,2024-05-12,What is your oldest cousin's first name?,Amanda,2
puzzle_string7536,gF4sYP48yQI^,2024-01-06,What was your childhood nickname?,Beckett,3
chapter_inventor6152,$&i%rTEbyZ#^,2023-02-12,What is the first name of the boy or girl that you first kissed?,Suzanna,4
density_chatter1824,ESSr0NBZqyYz,2024-06-03,What is your oldest cousin's first name?,Madden,5
salesman_lung2539,UuWOINR$gTt9,2023-06-16,What is your oldest cousin's first name?,Conway,6
sovereignty_thermostat5382,WojiLwLY9z4e,2024-02-19,What is your oldest sibling's middle name?,Luke,7
headache_goofy8900,Nh1WLOKg7JWu,2024-08-28,What was your childhood nickname?,Celestino,8
blood_television5354,SEsyfs&25OBa,2022-12-29,What is the name of your favorite childhood friend?,Darryle,9
hose_clave9732,cZ6e#NFKgetr,2024-11-17,What was the name of your first stuffed animal?,Kamren,10
brake_molding638,IrBJ3c3P3Hd9,2024-01-30,What is your oldest cousin's first name?,Omie,11
option_bake3594,CU69AXGAH$KZ,2024-09-07,What was the name of your first stuffed animal?,Arizona,12
pusher_file45,2G2eZVx7Onsf,2024-06-01,What is the name of your favorite childhood friend?,Mindy,13
ugly_fabric6133,bWzqvFpDcH#N,2024-04-07,What is the name of your favorite childhood friend?,Hays,14
stucco_pannier951,0ZqYJWWzPqjb,2024-09-30,What is the first name of the boy or girl that you first kissed?,Gretchen,15
subsection_vinyl7884,55jojmR9utYm,2023-06-19,What is your oldest cousin's first name?,Kaylee,16
garage_beach3157,r3kMwZAnhQKT,2023-04-06,What was the name of your first stuffed animal?,Reuben,17
sculptural_welfare5600,RA6FXP#Z6mj@,2023-12-15,What is the first name of the boy or girl that you first kissed?,Savanah,18
sandwich_paste9165,AE29e5hUr@R0,2024-03-29,What is your oldest cousin's first name?,Aditya,19
schizophrenic_organizing8689,qoH6oZ39ArYv,2023-06-25,What is your oldest sibling's middle name?,Dorene,20
alphabet_platform2175,RQAM&QJ9$lXm,2024-09-13,What was the name of your first pet?,Debby,21
nondisclosure_naughty1080,BwM3orGK^6T5,2024-07-04,What is the first name of the boy or girl that you first kissed?,Nicklaus,22
fortune_host4398,PxzlzcL0fiyZ,2024-06-20,What was the name of your first pet?,Thurston,23
picayune_hero3083,T6tV%CBINIA4,2023-07-23,What is your oldest cousin's first name?,Lydia,24
division_veal3935,QIzCfpPpTjXJ,2024-02-04,What was the name of your first stuffed animal?,Cheyenne,25
rivulet_step-mother3552,XgAGh2TdZmG8,2024-08-21,What is your oldest sibling's middle name?,Santino,26
guard_salt6130,ZBqMEIxqp0%7,2023-09-25,What is your oldest sibling's middle name?,Jason,27
trolley_gravity7315,YUn%KLuKRxre,2022-12-17,What was your childhood nickname?,Latonia,28
tomography_hesitation8116,l0xklt987S&R,2023-08-19,What was the name of your first pet?,Alessandra,29
step-father_humanity4913,VGhcJCHBDU9u,2024-07-02,What was the name of your first pet?,Roger,30
narrative_ninja7815,X*MxLpCxwDo1,2023-07-26,What was the name of your first pet?,Babyboy,31
implement_swanky7446,mzDkrX2^vvpl,2024-06-25,What is your oldest sibling's middle name?,Christene,32
dirt_rebel1023,jNL%xr$5hwfN,2023-01-04,What is the name of your favorite childhood friend?,India,33
mouton_rosemary769,gJBL%3&UQvXR,2023-08-26,What is the name of your favorite childhood friend?,Cheryle,34
tambour_ambassador7120,n5vp@BM4LRWg,2024-08-24,What is your oldest cousin's first name?,Tobi,35
talk_tracksuit8954,MzgGwHHEG1G3,2023-09-26,What is the name of your favorite childhood friend?,Lincoln,36
worshiper_hackwork2243,9FEZ36rSCYRP,2023-06-20,What was the name of your first stuffed animal?,Larry,37
discretion_hometown9805,bMapT6bv5cvS,2022-12-11,What is the name of your favorite childhood friend?,Keion,38
unity_carry6349,WgLuLhfu^TPv,2024-04-18,What is the name of your favorite childhood friend?,Mari,39
brother-in-law_boutique1668,At5g4lCTe#PB,2023-11-30,What is the first name of the boy or girl that you first kissed?,Donavan,40
recapitulation_colony2973,zJa@qS$1b%IB,2024-11-07,What is the name of your favorite childhood friend?,Bret,41
gauge_cosset1311,8myPDW10NElR,2023-10-05,What was the name of your first pet?,Leisha,42
blushing_sociology7930,vI8Jipy%%Tqq,2024-04-19,What was the name of your first pet?,Yasmin,43
numberless_congressperson4815,WX2OVK%iYv0L,2023-03-11,What was the name of your first pet?,Kelby,44
look_jellyfish5383,pepSg9OQFr&0,2023-03-14,What was the name of your first pet?,Irine,45
husband_lilac4268,y6mf0yIe3k4R,2023-06-16,What was your childhood nickname?,Lera,46
scrap_pseudocode6044,7lvXFC1rcy%K,2023-01-10,What was the name of your first stuffed animal?,Evangelina,47
gavel_mode7964,LMApsSU&4RQ1,2024-04-05,What is your oldest cousin's first name?,Kayson,48
cylinder_dedication7264,$EcHOM4k7Jy1,2023-08-05,What is your oldest sibling's middle name?,Anastacio,49
mocha_envy4235,H1%R551yShb@,2024-10-06,What was the name of your first pet?,Zaria,50
communication_convert7945,gnG*rsn#%7^q,2024-02-18,What was the name of your first stuffed animal?,Natalya,51
insurgence_provision7738,mZ@ORPg8h4lY,2024-05-20,What is your oldest sibling's middle name?,Jeanine,52
ashtray_linguist7011,1pDa8KHP2^6X,2024-06-17,What was the name of your first stuffed animal?,Terance,53
change_daylight2476,gW@t4%@o9G^A,2023-07-23,What is the name of your favorite childhood friend?,Karyme,54
broiler_rabid2493,MI3iDX7P0RUH,2023-12-15,What was the name of your first stuffed animal?,Deborah,55
crust_ambience9787,oDJFA6DvO6GU,2023-12-26,What is the first name of the boy or girl that you first kissed?,Kiel,56
adjoining_guidance6766,zSWMsH89erQC,2024-09-05,What is your oldest cousin's first name?,Melissia,57
zany_yielding4752,59oUT8fUMeg5,2023-09-17,What is the first name of the boy or girl that you first kissed?,Angel,58
division_atrium9728,dovuxfx9GTS*,2023-04-05,What was your childhood nickname?,Banks,59
hospitalization_monument9721,sJJC8WuM^rmE,2024-05-23,What is your oldest sibling's middle name?,Vivien,60
needless_underwriting7555,Llv6ZRJSj#xI,2023-07-07,What is your oldest sibling's middle name?,Debera,61
father-in-law_paragraph2184,0V0RiGEMZGUP,2023-07-18,What is the name of your favorite childhood friend?,Alisa,62
step-aunt_square8185,ln$ORP4@UOgz,2023-12-19,What was your childhood nickname?,Mac,63
pathogenesis_mortgage8500,ET*3yar6@$1m,2024-06-20,What is your oldest sibling's middle name?,Pauline,64
biplane_creation9668,YQjFjfrCprpL,2024-05-16,What was the name of your first stuffed animal?,Katarina,65
louse_raspberry1587,nR89uvimItKw,2023-09-30,What is the name of your favorite childhood friend?,Charles,66
patentee_cathedral1285,@^7@l%z0mayB,2023-05-07,What was the name of your first pet?,Clarice,67
numismatist_jelly5162,3txDRIOf4mDG,2023-01-26,What was your childhood nickname?,Darian,68
participation_vinyl2927,r#$cNFk&noS2,2024-08-09,What was the name of your first stuffed animal?,Jaylen,69
hash_cynic7888,T$gu5e*oSfF7,2023-01-02,What was the name of your first stuffed animal?,Page,70
waiting_immigration1246,V#Ov2kP0QEkc,2023-11-22,What was the name of your first stuffed animal?,Rhett,71
thirst_underclothes4965,FPb6WYvHY@qt,2024-07-02,What is the first name of the boy or girl that you first kissed?,Claus,72
balalaika_torte8276,nP8INs$p9LGP,2024-08-01,What was your childhood nickname?,Fairy,73
battalion_poisoning3191,6vKdTljauZvJ,2024-06-10,What was your childhood nickname?,Kathlyn,74
boulevard_likeable2040,V6ZPI#J3%bti,2024-06-18,What is your oldest cousin's first name?,Parthenia,75
breakdown_rabbi7916,UpNn25lSfD7Y,2024-07-22,What is the name of your favorite childhood friend?,Payton,76
timber_bust4341,Sdi$v7aw^vd8,2024-07-22,What was your childhood nickname?,Jolene,77
amused_woozy9662,tkAUP8itNhuT,2023-11-13,What is the name of your favorite childhood friend?,Gerold,78
participation_piety4960,5ysVi$jReiVG,2024-03-10,What was the name of your first stuffed animal?,Roman,79
amusement_kennel121,wGw^XT7w3vcs,2023-12-03,What is your oldest sibling's middle name?,Joetta,80
daybed_imaginary2092,fNucTNcOAD3g,2024-10-01,What is your oldest cousin's first name?,Bedford,81
wrestler_visor4471,2aq#i@$hRL00,2023-05-13,What was the name of your first pet?,Reece,82
heat_cursor963,nq@vqwssLBCn,2024-02-27,What is your oldest sibling's middle name?,Rhiannon,83
dynamo_tip5345,#KbqZ2^QChaH,2024-06-13,What was the name of your first stuffed animal?,Rubye,84
timer_integral2440,OdE2k^$5Iyqz,2024-01-30,What is the first name of the boy or girl that you first kissed?,Rodrick,85
activist_reading686,B4O862Cq5ycx,2023-05-02,What is your oldest sibling's middle name?,Howell,86
devilish_better5486,^R*UA#iU$pFu,2023-12-25,What is the first name of the boy or girl that you first kissed?,Shon,87
damaged_plastic8762,SYFL5CI0XaC8,2023-02-11,What is your oldest sibling's middle name?,Matthias,88
flintlock_honeybee6611,OkHtnYRBF6sI,2024-06-21,What is the name of your favorite childhood friend?,Sim,89
editorial_gift7764,l*Fl33aRNTZq,2023-06-21,What was the name of your first pet?,Curtiss,90
composer_peak3562,JacdmW6hAVnH,2023-05-04,What was the name of your first pet?,Marybeth,91
search_mama4606,lame1Ni#Pn1P,2024-02-10,What is the name of your favorite childhood friend?,Adela,92
synthesis_ascot3308,FKSHwgylKi$l,2023-03-24,What is the name of your favorite childhood friend?,Coral,93
buzz_toast9182,yOsVmvSDZrXE,2023-05-27,What is your oldest sibling's middle name?,Nikia,94
village_panther6947,hSmJJsyJqc7F,2023-12-02,What was the name of your first stuffed animal?,Finn,95
fanlight_consul3838,TetMiGXkmI9x,2024-11-28,What is the first name of the boy or girl that you first kissed?,Tiffanie,96
academics_clutch2297,FNJb9s1Z@*Ef,2023-11-26,What is your oldest cousin's first name?,Nim,97
creche_jalape√±o6012,4BoM7y8qCqKd,2024-03-10,What is your oldest sibling's middle name?,Arlan,98
stench_eviction9688,joUbo@Nqjm2x,2024-10-16,What is your oldest cousin's first name?,Bradly,99
insurrection_kohlrabi8727,T&hWj%xKpas9,2023-05-12,What is your oldest cousin's first name?,Capitola,100
